{
  "tmax": 0.001,
  "tf": 20,
  "initial_values": [
    {
      "m": 1,
      "x": 0.97000436,
      "y": -0.24308753,
      "z": 0,
      "v0x": 0.466203685,
      "v0y": 0.43236573,
      "v0z": 0
    },
    {
      "m": 1,
      "x": -0.97000436,
      "y": 0.24308753,
      "z": 0,
      "v0x": 0.466203685,
      "v0y": 0.43236573,
      "v0z": 0
    },
    {
      "m": 1,
      "x": 0,
      "y": 0,
      "z": 0,
      "v0x": -0.93240737,
      "v0y": -0.86473146,
      "v0z": 0
    }
  ]
}
