{
  "tmax": 0.01,
  "tf": 16,
  "G": 40.2,
  "initial_values": [
    {
      "m": 1.2,
      "x": 0,
      "y": 0,
      "z": 0,
      "v0x": 0,
      "v0y": -9.2097e-3,
      "v0z": 0
    },
    {
      "m": 5.82894e-3,
      "x": 3.82445,
      "y": 0,
      "z": 0,
      "v0x": 0,
      "v0y": 1.896,
      "v0z": 0
    }
  ]
}
