{
  "tmax": 0.0001,
  "tf": 10,
  "G": 40.2,
  "initial_values": [
    {
      "m": 0.790,
      "x": 0,
      "y": 0,
      "z": 0,
      "v0x": 0,
      "v0y": -2.581e-3,
      "v0z": 0
    },
    {
      "m": 1.908e-4,
      "x": 0.46292,
      "y": 0,
      "z": 0,
      "v0x": 0,
      "v0y": 5.0382,
      "v0z": 0
    },
    {
      "m": 8.586e-5,
      "x": 0.19344,
      "y": 0,
      "z": 0,
      "v0x": 0,
      "v0y": 12.554,
      "v0z": 0
    }
  ]
}
